feature_id,hits,n_prompts,mean_activation,context_specificity,token_specificity,context_specificity_vs_baseline,token_specificity_vs_baseline,firing_rate,composite_score
6899,26,10,3.2334982340152445,0.3659290783887551,0.3929065479569021,0.29953308038765647,0.06177061932607325,0.0028917806695584474,0.6680311787750192
5461,68,23,4.098023383056416,0.278627592941498,0.5920758219599953,0.2122315949403994,0.26093989332916645,0.0075631186742297855,1.1555779573591312
3554,43,20,3.8441194767175717,0.2222190488961281,0.5765372505179162,0.15582305089502946,0.2454013218870873,0.004782560338115894,0.8981248045576589
454,23,12,3.1230958648349927,0.21195303588785727,0.35919200790847355,0.14555703788675864,0.028056079277644697,0.0025581136692247805,0.4343257850227378
5814,26,14,4.966278800597558,0.20725842237543607,0.6420040730380385,0.14086242437433744,0.31086814440720967,0.0028917806695584474,1.1573815862042673
6315,103,37,3.775047995511768,0.19821539481686315,0.40855353166169217,0.13181939681576452,0.07741760303086331,0.011455900344789233,0.6082993298620218
6865,65,34,3.228819698553819,0.19723898008288576,0.39491960661879516,0.13084298208178713,0.0637836779879663,0.007229451673896118,0.4974529556215108
3531,277,87,2.5815014890815378,0.1969011819189703,0.3726478727323282,0.13050518391787166,0.04151194410149933,0.03080858636414192,0.3662971169871702
443,574,88,3.615330990183229,0.19470862915491777,0.34547520396014647,0.12831263115381913,0.014339275329317613,0.06384161939717495,0.4472910016906222
6529,63,32,5.055991010060386,0.18560724168366932,0.7180786532801854,0.11921124368257069,0.38694272464935653,0.007007007007007007,1.110163805201501
6145,84,32,3.192562175648553,0.18331955410247147,0.3407765394221273,0.11692355610137284,0.009640610791298465,0.009342676009342675,0.3722794549624861
4266,49,24,3.5575718758057575,0.17865500490134142,0.41360428346334155,0.11225900690024279,0.08246835483251269,0.005449894338783227,0.5404129319455891
2799,11,11,2.16638166254217,0.17800568252636095,0.4442601045379503,0.11160968452526232,0.11312417590712143,0.0012234456678901122,0.35146947706594517
135,30,27,2.4118274172147114,0.17763856493303734,0.5574660302324187,0.11124256693193871,0.22633010160158984,0.00333667000333667,0.45559802887443684
6436,56,25,3.115585046155112,0.17717084856118973,0.32183658147934396,0.11077485056009109,-0.009299347151484894,0.006228450672895117,0.3142690625237985
3194,59,31,3.4723197989544627,0.17644265525984965,0.473701477652104,0.11004665725875101,0.14256554902127516,0.0065621176732287845,0.5889409694032562
1378,35,10,3.195911741256714,0.17601246692199993,0.4698447023604814,0.1096164689209013,0.13870877372965257,0.0038927816705594484,0.5376513247173207
1589,90,50,2.8416253566741942,0.17467188707152542,0.339192446432289,0.10827588907042679,0.008056517801460161,0.01001001001001001,0.3196204450435654
1666,37,19,2.626272678375244,0.17121652586174377,0.36860436749323333,0.10482052786064514,0.037468438862404474,0.00411522633744856,0.33589255082434966
3113,40,17,2.2535160064697264,0.16733965884979582,0.386827059905236,0.10094366084869719,0.05569113127440717,0.0044488933377822264,0.3024621904247271
5700,117,72,3.4602114502181354,0.16661707549726087,0.5318518168543566,0.10022107749616224,0.2007158882235277,0.013013013013013013,0.6003106179123723
3435,136,50,2.9063752153340507,0.15991141396502623,0.3477075429296074,0.0935154159639276,0.01657161429877857,0.015126237348459571,0.3242441132586899
1719,81,50,2.705246842937705,0.1584033650791393,0.3360314786676042,0.09200736707804066,0.004895550036775331,0.009009009009009009,0.28193143104907326
6994,74,48,2.7691419511227995,0.1527351257296054,0.586285980246948,0.08633912772850677,0.25515005161611914,0.00823045267489712,0.461164329972308
3775,24,16,3.321533734599749,0.1522688548410497,0.4737620288138327,0.08587285683995108,0.14262610018300387,0.002669336002669336,0.49396137305825505
7063,24,19,2.650086080034574,0.15134934342766554,0.3158373741294913,0.0849533454265669,-0.015298554501337547,0.002669336002669336,0.23456195304768235
2964,126,55,4.286967459179106,0.15078720688381386,0.6536676536652881,0.08439120888271523,0.32253172503445926,0.014014014014014014,0.7327466355378611
5536,89,64,3.330850102928247,0.15034341343540647,0.7856022659051004,0.08394741543430784,0.45446633727427155,0.009898787676565454,0.5973368131525376
3798,36,35,3.364561210076014,0.14957214061984034,0.5294487433040681,0.0831761426187417,0.19831281467323925,0.004004004004004004,0.5236435785537019
5030,55,31,2.8063073375008325,0.14879974604002175,0.31496724947386684,0.08240374803892311,-0.016168679156962018,0.006117228339450562,0.244284254186519
6437,68,52,3.2324318026795105,0.14709346242154256,0.3134064786010227,0.08069746442044393,-0.017729450029806137,0.0075631186742297855,0.2760131924949975
309,65,37,2.965915239774264,0.1432997455930579,0.33457110054353517,0.07690374759195925,0.003435171912706314,0.007229451673896118,0.2871162867814466
4159,25,10,3.585301928520203,0.14132031135738674,0.5332105796075257,0.0749243133562881,0.20207465097669686,0.0027805583361138917,0.5275027594725294
3811,53,26,4.569525898627515,0.14035590875107212,0.5238423362922722,0.07395991074997349,0.1927064076614433,0.005894783672561451,0.6618849548663511
6598,39,35,2.8720302153856325,0.1395745031769251,0.9092843621859943,0.07317850517582647,0.5781484335551654,0.004337671004337671,0.4846769757087521
6747,114,80,3.0135624889741863,0.1368368973432111,0.3441028289780408,0.07044089934211248,0.01296690034721193,0.012679346012679346,0.29605318050417
2606,151,67,2.8671613071138498,0.1366468811700003,0.3250084047186178,0.07025088316890166,-0.0061275239122110525,0.016794572350127907,0.2538939294087807
3132,72,38,2.8648070444663367,0.13460556525159792,0.3827960952326604,0.06820956725049929,0.051660166601831536,0.008008008008008008,0.31884102074929677
3392,183,91,2.9999447135977406,0.13455300933265785,0.33249778423336784,0.06815701133155921,0.001361855602538986,0.020353687020353686,0.2745332735217198
6079,47,16,3.3547275928740805,0.13364079917688398,0.2935966730479947,0.06724480117578535,-0.03753925558283416,0.005227449671894116,0.22324781092770263
6542,87,55,3.752524255336016,0.13344564792816596,0.3143257020027053,0.06704964992706733,-0.016810226628123537,0.009676343009676344,0.30386386905981544
4179,12,11,2.034992585579554,0.1331409552419774,0.9200510768998822,0.06674495724087876,0.5889151482690533,0.001334668001334668,0.32387180076484884
5050,62,47,2.892863861976131,0.13045533324458247,0.27051387900592955,0.06405933524348384,-0.06062204962489931,0.006895784673562452,0.12759669393291403
1989,141,89,4.535698828122294,0.12931551163160887,0.6064344799883006,0.06291951363051024,0.2752985513574717,0.01568234901568235,0.6333761199588402
1981,88,62,3.5539115409959448,0.12928050849032083,0.4037759465414664,0.0628845104892222,0.07264001791063757,0.009787565343120898,0.40078744777509445
923,47,22,2.232304755677568,0.12848099257763795,0.33771456642516745,0.06208499457653932,0.006578637794338593,0.005227449671894116,0.2025596543572456
3293,300,127,4.193596128622691,0.12581409525874057,0.28756112241997117,0.05941809725764194,-0.043574806210857686,0.0333667000333667,0.24989072530514092
799,92,44,3.648268655590389,0.124588494673527,0.6268111810140267,0.05819249667242837,0.2956752523831978,0.010232454676899122,0.4913823100525311
4233,131,69,3.1644493951142287,0.12136944440693825,0.29417523572752025,0.05497344640583962,-0.03696069290330861,0.014570125681236792,0.2004440530104366
1047,131,85,3.7628778828919387,0.12080482610902263,0.603801433850513,0.054408828107923995,0.27266550521968413,0.014570125681236792,0.4821272263623113
4080,214,111,3.6593796443716387,0.12069330436178809,0.40844559346702813,0.054297306360689454,0.07730966483619928,0.02380157935713491,0.38837955164034044
919,571,164,2.6879955601149392,0.12006297055163782,0.36619453297294857,0.05366697255053919,0.035058604342119715,0.06350795239684129,0.2564175416775223
1244,11,11,2.8139296011491255,0.12001725098505098,0.24957191329300232,0.053621252983952344,-0.08156401533782653,0.0012234456678901122,0.04330339621127296
6770,25,15,3.368761377334595,0.11983136405679382,0.35721958248969155,0.05343536605569518,0.026083653858862688,0.0027805583361138917,0.31160554111003724
879,30,13,3.1385992725690204,0.11826418830845571,0.4822968322298239,0.05186819030735708,0.15116090359899503,0.00333667000333667,0.36010603137708724
4503,22,18,3.2090804035013374,0.11732451372736492,0.5245221479265614,0.05092851572626629,0.19338621929573252,0.0024468913357802245,0.37793472869465633
991,53,21,2.594943840548677,0.11687342581347916,0.44781840339072804,0.05047742781238053,0.11668247475989918,0.005894783672561451,0.2824780961451799
3233,21,19,2.807466160683405,0.11592668912363144,0.41641106423713703,0.049530691122532805,0.08527513560630817,0.002335669002335669,0.28921484206780107
2511,64,35,2.8075561244040728,0.1155908387670767,0.3414512912863853,0.04919484076597806,0.010315362655556437,0.007118229340451563,0.23658934034722823
6802,31,22,4.503401971632434,0.11445898831673372,0.7735156981810302,0.04806299031563509,0.4423797695502013,0.003447892336781226,0.5674521138359189
4877,104,43,2.9559029019795933,0.11339453378406807,0.5808337737235731,0.04699853578296943,0.24969784509274429,0.01156712267823379,0.34473514006146816
792,348,194,3.193815097384069,0.1129742455497948,0.30060407704024344,0.04657824754869616,-0.030531851590585413,0.038705372038705374,0.20555326237428087
201,95,52,2.7260455495432803,0.1128653665922843,0.3431918789792801,0.04646936859118567,0.01205595034845125,0.010566121677232788,0.22621498342724908
2856,150,54,2.9142669677734374,0.1113591501941454,0.33595913530322724,0.044963152193046765,0.0048232066723983835,0.01668335001668335,0.2316361892486068
1007,837,182,3.3076165018685546,0.1102337728576398,0.3642365619811233,0.04383777485654117,0.03310063335029445,0.09309309309309309,0.28774523150703424
4688,73,52,3.027412133674099,0.10944813806913996,0.3287459724559871,0.043052140068041325,-0.0023899561748417786,0.008119230341452564,0.2289217689739359
2146,213,63,2.6841457326647262,0.1091482730666871,0.358092068002418,0.04275227506558847,0.02695613937158914,0.023690357023690357,0.2268934771586091
6083,29,20,2.750748605563723,0.10837329636546263,0.47842588661853414,0.041977298364363994,0.14728995798770528,0.003225447669892114,0.2819914288994362
4332,90,64,2.8552790032492745,0.1074020378104377,0.30233811307946423,0.04100603980933906,-0.028797815551364625,0.01001001001001001,0.17936750878115718
2869,49,30,3.4700616646786124,0.10660835004078921,0.6571378378223055,0.04021235203969058,0.32600190919147665,0.005449894338783227,0.38290668718932663
2804,254,194,3.210568809133815,0.10623620807205254,0.5416942033010413,0.03984021007095391,0.2105582746702125,0.02825047269491714,0.33548127221029617
2208,121,73,4.042597656407632,0.10600079075068455,0.6924950292484768,0.03960479274958592,0.361359100617648,0.013457902346791235,0.4469859245427029
3549,40,17,2.932736802101135,0.10430665985330964,0.33761063908705147,0.03791066185221101,0.00647471045622261,0.0044488933377822264,0.21996686331257698
1536,36,33,3.2856980562210083,0.10370662633443364,0.44608216124268985,0.03731062833333501,0.11494623261186099,0.004004004004004004,0.30779643669378237
1550,47,34,2.913681854592993,0.10340487635738348,0.3935828683121341,0.037008878356284844,0.06244693968130527,0.005227449671894116,0.25215466300822836
3661,1913,486,2.7484940096027115,0.10218395168878107,0.3520713068761755,0.035787953687682436,0.020935378245346636,0.21276832387943498,0.21222159284159067
2756,39,22,4.0067894367071295,0.10018349968970224,0.5266612356925721,0.0337875016886036,0.1955253070617432,0.004337671004337671,0.3817979525176376
6362,414,240,3.8604181135334255,0.09885598834115754,0.4205702174793239,0.032459990340058906,0.08943428884849502,0.04604604604604605,0.3289192885487511
1103,87,51,2.776142808212631,0.09883870584775746,0.3657940284476815,0.03244270784665883,0.03465809981685264,0.009676343009676344,0.214175368217981
2693,173,137,2.3829542177950027,0.0988367274703523,0.5113659119852568,0.032440729469253665,0.18022998335442797,0.01924146368590813,0.22055246736969017
5689,175,158,3.3259671102251325,0.09882899986975044,0.40648383886440165,0.032433001868651806,0.07534791023357279,0.01946390835279724,0.2776710942990906
348,18,17,2.274742749002245,0.0987947464269228,1.0,0.03239874842582417,0.6688640713691711,0.002002002002002002,0.23644765308728932
988,279,85,2.4872576724671123,0.09869223923277427,0.3671524034851657,0.03229624123167564,0.036016474854336844,0.031031031031031032,0.19217900447094194
1016,245,127,3.7100249976527935,0.09852008976025269,0.49065696350035964,0.03212409175915405,0.1595210348695308,0.027249471693916137,0.3369998602732938
6260,262,151,3.047554411960922,0.09820665256160642,0.28916363280343915,0.03181065456050779,-0.041972295827389705,0.029140251362473585,0.15673900300240087
1355,183,87,2.9719284610018706,0.09820480201648839,0.4330277397210163,0.031808804015389755,0.10189181109018747,0.020353687020353686,0.2548476170235717
1356,130,62,2.910626703959245,0.09811679332706195,0.39698057758637223,0.03172079532596332,0.06584464895554337,0.014458903347792236,0.23706122173529828
2322,22,15,2.8454659906300632,0.09793733767493897,0.44646665130886704,0.03154133967384033,0.11533072267803818,0.0024468913357802245,0.24667373038793858
3881,87,55,2.7050333776693236,0.09707392586068103,0.4120977211950131,0.0306779278595824,0.08096179256418423,0.009676343009676344,0.22227757558506522
5698,811,261,2.502204494617429,0.09693654040891746,0.3546153109858588,0.030540542407818824,0.023479382355029943,0.09020131242353464,0.18301419129493984
1136,72,44,2.971112800969018,0.09626393843171208,0.5486893734302811,0.029867940430613443,0.21755344479945227,0.008008008008008008,0.2697902965254407
553,115,88,2.9303350842517357,0.09589930256431385,0.3442023550539316,0.02950330456321522,0.01306642642310274,0.012790568346123903,0.20494440157093177
680,304,146,2.57358368486166,0.09507493495656869,0.33042297634904716,0.028678936955470052,-0.000712952281781698,0.03381158936714492,0.16937320046009918
359,196,159,3.0390479236232992,0.0945878845710627,0.35289110966744625,0.02819188656996406,0.021755181036617388,0.02179957735513291,0.21459012031543065
949,36,26,2.8731828298833637,0.09437995441595992,0.3530112317360029,0.02798395641486129,0.02187530310517405,0.004004004004004004,0.20238616778504406
3688,31,23,2.596569653480284,0.09417193410447493,0.35390389065561917,0.027775936103376295,0.02276796202479031,0.003447892336781226,0.18284681432509495
1860,105,88,3.2420764843622845,0.09396047431970096,0.3689607941401592,0.02756447631860233,0.03782486550933034,0.011678345011678345,0.23630229407816639
804,84,72,2.742045435167494,0.09384499315393142,0.3671283976171049,0.027448995152832792,0.03599246898627606,0.009342676009342675,0.19871172486605454
344,40,34,2.766608661413193,0.09381235745466729,0.7280628051948987,0.027416359453568656,0.3969268765640699,0.0044488933377822264,0.25458596596026534
3280,854,294,2.4529104384940457,0.09374294332399934,0.3602559682654167,0.027346945322900704,0.02912003963458787,0.09498387276165055,0.17461636414281623
3398,141,36,2.9058686410281673,0.0933610974167643,0.27556140075926294,0.02696509941566566,-0.055574527871565915,0.01568234901568235,0.11906634763272957
4945,388,158,3.9824539121893263,0.09260774268388491,0.6129627096317277,0.02621174468278628,0.28182678100089886,0.043154265376487595,0.348611856384442
5644,181,110,2.79758065115681,0.09251212291104162,0.3086755039834927,0.026116124909942987,-0.022460424647336164,0.020131242353464574,0.15995625873057948
1236,12,12,2.8598565459251404,0.09191425965476444,0.9112819922850357,0.025518261653665802,0.5801460636542068,0.001334668001334668,0.26073764721266
3647,318,109,2.5034921420445233,0.09146442668474186,0.37078038291758353,0.02506842868364323,0.03964445428675467,0.0353687020353687,0.1766681564416691
6047,50,47,3.8404778385162355,0.09140421514835972,0.5912191991601662,0.02500821714726109,0.26008327052933733,0.0055611166722277835,0.3266312137174633
4560,123,30,2.9070608247586383,0.09113278969534393,0.34758855705254377,0.024736791694245294,0.01645262842171491,0.013680347013680347,0.1927722433197026
6669,179,140,4.8580341432347645,0.09089559100016219,0.805849875300296,0.024499592999063555,0.4747139466694671,0.019908797686575466,0.4289655084095625
3150,176,150,4.758640321818265,0.09074931156117631,0.7840145933412163,0.02435331356007768,0.4528786647103874,0.019575130686241796,0.41769644395571104
1607,30,15,2.8233843088150024,0.09018252707456573,0.320443564967253,0.023786529073467094,-0.010692363663575843,0.00333667000333667,0.16713158336435296
1907,72,64,3.607105048166381,0.09008899141964546,0.5242887088335174,0.02369299341854683,0.19315278020268856,0.008008008008008008,0.2912776581383564
3361,179,74,2.233742293032854,0.08976575620662083,0.39533260097190503,0.0233697582055222,0.06419667234107618,0.019908797686575466,0.16032891877487246
5703,144,98,3.3839132347040706,0.08943404100917395,0.46457693681975526,0.023038043008075312,0.1334410081889264,0.016016016016016016,0.260201221269996
4845,22,21,3.5214896202087402,0.08928230494066228,0.47400400685086574,0.022886306939563644,0.1428680782200369,0.0024468913357802245,0.2719340665812676
4335,104,86,3.580429780941743,0.08907573216908127,0.38050860740822356,0.022679734167982635,0.04937267877739471,0.01156712267823379,0.24800821722311717
2236,22,13,3.1031813621520996,0.08896818419042087,0.6139533029737804,0.022572186189322233,0.2828173743429515,0.0024468913357802245,0.25397910663155726
3076,121,76,3.0513547363360067,0.0889623965702891,0.3439692093848555,0.022566398569190474,0.012833280754026621,0.013457902346791235,0.19391146965652498
948,114,96,3.4259593110335502,0.08894058673874902,0.3992564281278686,0.02254458873765039,0.06812049949703974,0.012679346012679346,0.2439455458534432
2732,119,109,3.0721406696223412,0.08889653783485443,0.46535251074114453,0.0225005398337558,0.13421658211031567,0.013235457679902125,0.23409695073330355
3990,14,13,2.972055588449751,0.08800649429847493,0.4864789393978061,0.021610496297376297,0.15534301076697726,0.0015571126682237793,0.22606363051024386
6369,427,158,4.852940092321302,0.0877513830999519,0.6317348923257502,0.021355385098853263,0.30059896369492134,0.04749193638082527,0.3897001340207275
939,75,52,3.969312884012858,0.08768357370490373,0.6943441552970112,0.0212875757038051,0.36320822666618235,0.008341675008341674,0.3228862697349697
4887,126,96,3.1974876863615855,0.08693752696002166,0.6803934047967458,0.020541528958923028,0.34925747616591696,0.014014014014014014,0.2554259026496969
48,120,71,2.4406588713328046,0.08689467659641054,0.35897275477499396,0.020498678595311903,0.027836826144165105,0.01334668001334668,0.15614736758000713
2435,81,18,2.686170483812874,0.08632430910578749,0.3240270639867857,0.01992831110468886,-0.007108864644043145,0.009009009009009009,0.15292586830084662
6927,93,73,2.863546825224353,0.08618466726012936,0.3330035725601957,0.019788669259030722,0.0018676439293668357,0.010343677010343676,0.1682991332786334
263,177,149,5.7375709377439685,0.08585490127965513,0.9445053406967661,0.019458903278556497,0.6133694120659372,0.019686353019686353,0.46351011292068656
5088,231,105,3.9846834362327277,0.08555072055146976,0.39712651735658927,0.019154722550371123,0.06599058872576041,0.02569235902569236,0.2664592039184032
3860,127,78,2.7740434164137353,0.08524858768741651,0.38083160584733333,0.01885258968631788,0.049695677216504475,0.01412523634745857,0.17999764411047114
4902,317,307,3.2815453690309253,0.08520298675108182,0.9352689511155516,0.018806988749983183,0.6041330224847228,0.035257479701924145,0.26109863712822695
644,112,41,2.6630579669560706,0.08471807850008843,0.3878611726429789,0.0183220804989898,0.05672524401215007,0.012456901345790234,0.17302860260014233
5541,83,78,2.6736396709120416,0.08454136721546289,0.313950500060971,0.018145369214364257,-0.01718542856985783,0.009231453675898121,0.14151569595220934
2461,171,153,2.812216091574284,0.08444209369645,0.2917560624019997,0.018046095695351372,-0.03937986622882916,0.01901901901901902,0.12828786303944295
1596,97,52,3.306333938824762,0.08424354948714109,0.3680346797627014,0.01784755148604246,0.03689875113187252,0.010788566344121899,0.20586997074116292
1741,532,231,2.836369671991893,0.08416312469811175,0.32748950553889,0.017767126697013122,-0.003646423091938855,0.05917028139250362,0.15819177153389463
934,406,235,4.154417334225378,0.08360811268992373,0.5421319576882749,0.017212114688825095,0.21099602905744608,0.0451562673784896,0.29729846378971914
380,61,48,3.755080178135731,0.08318461083384307,0.4702268569024074,0.016788612832744437,0.13909092827157854,0.006784562340117896,0.2567645192713718
2043,72,61,2.5848876817358866,0.08314877747429451,0.3434006019615253,0.01675277947319588,0.012264673330696418,0.008008008008008008,0.14908675252868347
5865,235,153,3.8566799813128534,0.08305474463145522,0.2876705094381159,0.01665874663035659,-0.04346541919271296,0.02613724835947058,0.16622002739048533
4257,218,173,3.2301389427360045,0.08264103235820347,0.5675268265196597,0.016245034357104837,0.23639089788883083,0.024246468690913136,0.2283566231540779
2393,737,256,2.6558588070332436,0.08250239962731291,0.3279804333721188,0.01610640162621428,-0.0031554952587100615,0.08197085974863752,0.1442773529521708
4126,157,113,2.9286432418094317,0.08214710604992453,0.3868837511470972,0.0157511080488259,0.055747822516268364,0.01746190635079524,0.18077076482118626
4379,162,76,2.9015471751307262,0.08205114482896779,0.4020321861024159,0.015655146827869157,0.07089625747158707,0.018018018018018018,0.18237551723470333
1562,151,100,3.6345297437629953,0.08182966603527672,0.2975579283769698,0.015433668034178089,-0.03357800025385904,0.016794572350127907,0.1673240074051346
4036,65,55,2.7297747923777655,0.08159607948907424,0.3318966119646721,0.015200081487975609,0.0007606833338432151,0.007229451673896118,0.14789541805364714
484,28,24,3.5100095995834897,0.08156266175484171,0.4832594654152951,0.015166663753743079,0.15212353678446622,0.0031142253364475586,0.2335238537826044
5387,53,38,2.916835465521183,0.08148497365595231,0.4639431963548388,0.015088975654853676,0.13280726772400997,0.005894783672561451,0.1914479390998757
6527,724,333,2.343141605182247,0.08146379321689005,0.40015960428658026,0.015067795215791421,0.0690236756557514,0.0805249694138583,0.1451597179488078
2544,98,84,4.045994909442201,0.08107323518903065,0.4295339708981693,0.014677237187932013,0.09839804226734045,0.010899788677566455,0.25630946163406054
2184,179,121,3.396428439204253,0.08094327868904251,0.27956571958291443,0.014547280687943878,-0.05157020904791443,0.019908797686575466,0.12987784643025496
308,63,56,2.9826704320453463,0.08087130657286455,0.3640929155750025,0.014475308571765919,0.03295698694417365,0.007007007007007007,0.17274832128603376
810,131,122,4.755962244426931,0.0807817146369777,0.9071958570532161,0.014385716635879064,0.5760599284223873,0.014570125681236792,0.34007327559999867
996,73,58,3.86410061137317,0.0804955604716758,0.4682743830447431,0.01409956247057717,0.13713845441391426,0.008119230341452564,0.24872280481303255
765,138,65,3.336592520492664,0.08043223713546993,0.47568404991478447,0.014036239134371298,0.1445481212839556,0.015348682015348681,0.21541888741254764
6505,561,406,3.022743759520764,0.08038428003007606,0.6069941847228124,0.013988282028977422,0.27585825609198356,0.06239572906239573,0.20505011959206823
2009,182,151,2.948789121685447,0.08029812456684313,0.4453413223649109,0.013902126565744494,0.11420539373408206,0.020242464686909132,0.18600449250350795
4223,442,290,2.902760655362142,0.08010576185703525,0.28520299964061857,0.013709763855936613,-0.04593292899021029,0.049160271382493605,0.11707939800443673
4274,189,138,4.063534972528932,0.07953625861910966,0.4607764806247613,0.013140260618011032,0.12964055199393243,0.021021021021021023,0.25459150495976696
3710,204,134,3.34709828916718,0.0794640553988965,0.497971975021877,0.013068057397797872,0.16683604639104815,0.022689356022689355,0.21375279968533054
1598,579,157,2.45186459194605,0.07946083462230887,0.3611566870569066,0.013064836621210232,0.030020758426077765,0.06439773106439774,0.1371590039362919
4011,16,16,2.459357649087906,0.07908711148144856,0.5470382044014401,0.01269111348034993,0.21590227577061127,0.0017795573351128907,0.15877097119356515
6654,100,68,3.4583970403671263,0.07905496351335316,0.40781861806313724,0.012658965512254525,0.07668268943230838,0.011122233344455567,0.2050501230240559
4572,247,176,3.1950457366371925,0.07905405770656206,0.3037330499210907,0.012658059705463423,-0.027402878709738177,0.02747191636080525,0.14627977889707716
5984,149,122,2.9780577981231997,0.07893524082316757,0.34851930304216705,0.012539242822068933,0.017383374411338193,0.016572127683238794,0.16040415386194912
6616,43,42,2.8502941686053607,0.07892737233719083,0.9591547950254565,0.012531374336092194,0.6280188663946277,0.004782560338115894,0.19503962780208395
7113,30,26,2.37734428246816,0.0786521222774596,0.6052578113257616,0.012256124276360969,0.27412188269493276,0.00333667000333667,0.15439435564708073
2671,128,101,2.786083657294512,0.07865044922578208,0.7331703668006596,0.012254451224683452,0.40203443816983075,0.014236458680903126,0.18522345913815141
1803,34,34,2.7982505209305706,0.07845216885983836,0.3799982179062345,0.012056170858739723,0.048862289275405646,0.0037815593371148927,0.15807530550736903
384,123,108,2.960673546403404,0.07775247111377388,0.3029535459496556,0.01135647311267525,-0.028182382681173235,0.013680347013680347,0.13180908467555563
1453,162,118,4.187200681662854,0.07756979214257093,0.343894023599185,0.011173794141472293,0.012758094968356115,0.018018018018018018,0.21667574831668307
4310,28,23,3.167632750102452,0.07744101013441304,0.8016290947222766,0.011045012133314408,0.47049316609144776,0.0031142253364475586,0.20555378802349025
9,169,152,3.231295151823371,0.07737940743168477,0.6024182341949837,0.010983409430586136,0.2712823055641549,0.01879657435212991,0.20287026039248884
5400,200,184,2.633146463036537,0.07732113115683388,0.8566739189807331,0.010925133155735248,0.5255379903499042,0.022244466688911134,0.17119243982355983
7016,36,34,2.966716173622343,0.0772943947454341,0.5652717131715453,0.010898396744335473,0.23413578454071649,0.004004004004004004,0.18401154801642808
4587,1195,383,2.5834363772779327,0.07721896142824053,0.3176829429320445,0.010822963427141896,-0.013452985698784337,0.13291068846624401,0.12223553175011978
6558,261,165,5.167833477144497,0.07715174807875394,0.7905841300777835,0.010755750077655307,0.45944820144695464,0.02902902902902903,0.3323122290463723
72,415,387,5.1185845297503185,0.07709082788498542,0.9609362191053257,0.010694829883886786,0.6298002904744968,0.0461572683794906,0.3331974749373603
6863,117,66,3.083015042492467,0.07703581408287166,0.39095669461589816,0.01063981608177303,0.0598207659850693,0.013013013013013013,0.17103145568611403
3412,457,409,3.6579264105018434,0.07697145611273465,0.8537802450022245,0.010575458111636016,0.5226443163713956,0.05082860638416194,0.23546335992621437
2866,64,42,2.956846909597516,0.07692100280082932,0.3466127709932095,0.010525004799730689,0.015476842362380616,0.007118229340451563,0.15181809807536414
6421,381,293,3.366838110400623,0.0769201776002981,0.3245013175978773,0.010524179599199462,-0.006634611032951543,0.04237570904237571,0.16240683702623498
3806,109,87,3.925681581190967,0.07674716469669048,0.4494820596756891,0.010351166695591843,0.11834613104486025,0.012123234345456568,0.22803290015716848
2803,205,181,2.9182666261021684,0.07660868514042717,0.8183846521295703,0.010212687139328533,0.4872487234987415,0.022800578356133912,0.18535828747962793
6392,82,72,3.0268275141716003,0.07631965724639497,0.5503563188529597,0.00992365924529634,0.2192203902221308,0.009120231342453565,0.1820827773580235
4363,156,139,2.937695074539918,0.07617682129393495,0.5602208380031969,0.009780823292836319,0.22908490937236803,0.017350684017350685,0.17656518590421133
2949,137,104,3.1788924906375633,0.07616678202079087,0.41498282082639804,0.009770784019692239,0.08384689219556918,0.015237459681904127,0.17709325497425557
3229,3716,756,2.9345102290611864,0.07606063966223925,0.34649082432002,0.009664641661140616,0.015354895689191128,0.41330219107996885,0.14771997001992473
6509,163,136,2.7781881123232695,0.07593236902096372,0.41037736495835214,0.009536371019865084,0.07924143632752328,0.018129240351462572,0.15318749075163784
4562,98,84,2.797723948955536,0.0756603567277928,0.3354151069389467,0.009264358726694163,0.004279178308117859,0.010899788677566455,0.13576564328824223
3179,1134,526,2.9926723493049594,0.07546354142159076,0.3248577370138267,0.009067543420492125,-0.00627819161700216,0.12612612612612611,0.14006112885122662
273,600,209,2.708942367831866,0.07544107757952101,0.3339173493714216,0.009045079578422377,0.0027814207405927327,0.0667334000667334,0.13026324973088343
2971,304,247,3.38788721945725,0.07533481094911122,0.24400402700878912,0.00893881294801259,-0.08713190162203974,0.03381158936714492,0.018491567903576894
4697,169,156,2.9463790499952416,0.07521447113930824,0.5020575994064351,0.008818473138209604,0.17092167077560627,0.01879657435212991,0.16896979909415452
1501,45,43,3.1222393141852485,0.07521324166313269,0.3033864719277256,0.008817243662034055,-0.027749456703103248,0.005005005005005005,0.13263542754370997
6975,29,21,3.6220569363955795,0.07511756752631502,0.38814586253958727,0.008721569525216383,0.057009933908758414,0.003225447669892114,0.1909640624922008
2906,472,249,3.039272675322274,0.07509724303050018,0.3088095564723128,0.008701245029401547,-0.022326372158516072,0.052496941385830276,0.13240316184684287
4639,230,208,3.0352035885271818,0.07505572125912886,0.7297244462663312,0.00865972325803023,0.3985885176355023,0.025581136692247805,0.18260326286324582
5617,89,85,2.9566951025737804,0.07495793293608333,0.3682889615484733,0.008561934934984694,0.037153032917644435,0.009898787676565454,0.15104249547185175
4825,37,33,3.552959355148109,0.07495480535493962,0.5094975669193663,0.008558807353840986,0.17836163828853746,0.00411522633744856,0.2029060275755492
3715,64,58,2.6842930540442467,0.07490483481178595,0.6293289499905779,0.008508836810687315,0.298193021359749,0.007118229340451563,0.15827061788311753
1011,109,102,2.902424794818283,0.07484154886316399,0.2986732495132675,0.00844555086206536,-0.032462679117561344,0.012123234345456568,0.1190655284317575
2155,338,211,2.5241987641746477,0.07473112965770932,0.41669546065420615,0.008335131656610692,0.0855595320233773,0.03759314870425982,0.13567667583965312
722,185,48,2.715196308574161,0.07468270081765942,0.31404804393900265,0.008286702816560784,-0.017087884691826205,0.0205761316872428,0.11998537265825526
2725,22,21,2.505790948867798,0.07463712063363165,0.9654115407147245,0.008241122632533016,0.6342756120838956,0.0024468913357802245,0.15190876057491778
6084,139,123,3.3512205108464195,0.07460007206217129,0.6771392492167037,0.008204074061072653,0.3460033205858748,0.015459904348793237,0.19747740766137303
3446,666,424,3.2422431943652867,0.07458365904443434,0.4640862577735175,0.008187661043335709,0.13295032914268862,0.07407407407407407,0.1793930340622416
2344,525,381,4.767514618464879,0.07445490589100723,0.5757157556890369,0.008058907889908595,0.24457982705820802,0.05839172505839173,0.27414315201842127
1288,1595,309,2.9109294227671847,0.07439295385800311,0.3544799854023652,0.007996955856904478,0.023344056771536337,0.1773996218440663,0.14314845972463516
3400,41,38,3.4628333754655793,0.07433980406612867,0.42812144178398,0.007943806065030035,0.09698551315315113,0.0045601156712267825,0.18589922191580208
5974,300,285,2.6170581233501435,0.07423149453396634,0.8267705216501217,0.007835496532867706,0.4956345930192928,0.0333667000333667,0.15518584502205884
615,195,168,5.34985600006886,0.07422749572317182,0.627935438009113,0.007831497722073186,0.29679950937828414,0.021688355021688355,0.30915536352069356
6398,51,49,2.7464047553492525,0.07409101512996671,0.36484999604306984,0.007695017128868081,0.03371406741224098,0.005672339005672339,0.13649672042358896
5697,70,66,2.974139266354697,0.07402160794733438,0.30320302995844217,0.007625609946235748,-0.027932898672386686,0.007785563341118897,0.12310198068542912
2963,92,76,3.0256147643794185,0.07391703877709015,0.7858837440790066,0.007521040775991514,0.4547478154481778,0.010232454676899122,0.1770304091061138
3580,718,481,3.1519843970832717,0.0738533382081325,0.6951453820431885,0.007457340207033869,0.3640094534123597,0.07985763541319096,0.18211472453629315
859,84,79,2.645121531827109,0.0735260528079366,0.2860075964377605,0.007130054806837968,-0.04512833219306833,0.009342676009342675,0.09620218491895378
1846,65,62,2.6599404940238367,0.07348642962243404,0.2998869494609076,0.007090431621335408,-0.031248979169921254,0.007229451673896118,0.1068423376787415
5337,88,81,2.8838820200074804,0.07345061121551962,0.31076128620951077,0.007054613214420982,-0.02037464242131809,0.009787565343120898,0.12224646875199076
3594,94,90,2.2085289726866053,0.0734425633698263,0.8605653845092306,0.007046565368727664,0.5294294558784017,0.010454899343788232,0.12816139529193107
2214,117,106,3.1357033914989896,0.07341760083219533,0.34177393484688706,0.007021602831096693,0.010638006216058205,0.013013013013013013,0.14651731132379556
3209,129,117,3.0552828866381976,0.07335359872060412,0.5523095940340794,0.006957600719505491,0.22117366540325056,0.01434768101434768,0.16898931375213783
5010,51,40,4.423468077884001,0.07326317674003716,0.5537584582606571,0.006867178738938523,0.2226225296298282,0.005672339005672339,0.24410025059791274
6677,175,79,2.7647911378315517,0.07323532002816381,0.2882508540812037,0.006839322027065178,-0.042885074549625146,0.01946390835279724,0.10192775451826161
775,137,120,2.8607714332803322,0.07307877724110262,0.3081867559763293,0.006682779240003989,-0.022949172654499583,0.015237459681904127,0.11885927348626502
4620,71,31,2.8747441852596443,0.07255622121452707,0.36521876693533056,0.006160223213428434,0.034082838304501706,0.007896785674563452,0.13725944597709566
604,124,89,3.966107323285072,0.07239376918095235,0.48165786439568314,0.005997771179853714,0.1505219357648543,0.013791569347124904,0.20776594926312533
3545,18,15,2.3747022814220853,0.0722520527379697,0.33386962814553256,0.005856054736871064,0.0027336995147037024,0.002002002002002002,0.10564030325605245
5026,284,211,2.9845391314634133,0.07212193773293425,0.30995883751564746,0.005725939731835619,-0.0211770911151814,0.03158714269825381,0.12219985912738689
2870,43,29,5.623416290726772,0.07211508220581381,0.822846303715173,0.005719084204715175,0.4917103750843441,0.004782560338115894,0.31182865997232107
1657,43,40,2.7702643233676287,0.07193303792485269,0.403792766587806,0.005537039923754053,0.07265683795697714,0.004782560338115894,0.13610281404040336
3197,157,142,2.8562345451610103,0.07191821082833376,0.5037920067241801,0.005522212827235126,0.17265607809335126,0.01746190635079524,0.14880834302409504
5948,262,221,3.1831853439789692,0.0719120557132616,0.31851842647456613,0.005516057712162972,-0.012617502156262728,0.029140251362473585,0.13404611907974048
4590,512,336,2.8676606046501547,0.07150405093492454,0.4355567315000498,0.005108052933825907,0.10442080286922095,0.056945834723612504,0.1425792921595624
726,173,151,2.791895836074917,0.07125388908366213,0.2410233728334148,0.004857891082563501,-0.09011255579741406,0.01924146368590813,0.0
5109,16,14,3.063802033662796,0.07101410357424129,0.3124510252665809,0.004618105573142656,-0.01868490336424794,0.0017795573351128907,0.12329477451976911
7089,77,74,2.573349644611408,0.0709589978030868,0.34219287849547814,0.0045629998019881685,0.01105694986464928,0.008564119675230786,0.11273419833757033
4664,34,32,2.4513246872845817,0.07092571148344662,0.8414561157475037,0.004529713482347986,0.5103201871166748,0.0037815593371148927,0.13081721034248683
91,527,331,3.42594079184125,0.07060876178445996,0.5804977632652886,0.0042127637833613285,0.2493618346344597,0.058614169725280836,0.17493342822527894
2922,129,54,3.411127801089324,0.07051459710013461,0.3333393334381852,0.004118599099035974,0.0022034048073563683,0.01434768101434768,0.14460328177817186
504,733,532,6.842305940950713,0.0704920656583921,0.9687571227436356,0.0040960676572934646,0.6376211941128067,0.0815259704148593,0.36249981282774446
5293,150,123,2.8249995215733845,0.07046548415991429,0.29532492699004115,0.004069486158815652,-0.03581100164078771,0.01668335001668335,0.1030505765185278
4024,136,118,2.7470963185324386,0.07042061115829788,0.31904735099086623,0.00402461315719925,-0.012088577639962628,0.015126237348459571,0.11147138397201897
2311,59,53,2.84223611274008,0.07037913327461406,0.3733766744776463,0.003983135273515431,0.04224074584681742,0.0065621176732287845,0.12895183323229878
83,56,30,3.5857526191643307,0.0703723345374397,0.4642354312323441,0.003976336536341066,0.13309950260151526,0.006228450672895117,0.17484773343871493
6187,528,422,3.45535326907129,0.07032943633025829,0.4830791817537233,0.003933438329159655,0.15194325312289442,0.058725392058725394,0.16969489566571958
4559,297,239,3.769010867735352,0.07025485285851149,0.28523590120655884,0.003858854857412858,-0.04590002742427002,0.03303303303303303,0.1270927202822231
5917,123,114,2.668577718540905,0.07000180509911814,0.8398004654853621,0.0036058070980195117,0.5086645368545333,0.013680347013680347,0.13788557841053936
4849,30,25,4.474465934435527,0.06963702641339267,0.678686659917406,0.003241028412294039,0.3475507312865771,0.00333667000333667,0.22468291649658634
820,34,12,2.632087577791775,0.06960145921945196,0.35724966825820104,0.003205461218353328,0.02611373962737218,0.0037815593371148927,0.11394711256966404
2933,1291,526,2.6349973122709764,0.06898715944959734,0.4456399355473315,0.002591161448498705,0.11450400691650264,0.14358803247692137,0.12151122503477442
6174,56,47,3.1311080796378,0.06876893216986289,0.3690441649682043,0.0023729341687642597,0.037908236337375445,0.006228450672895117,0.13432351878692878
1322,215,159,4.187729002154151,0.06847150729125688,0.5655783723460027,0.002075509290158248,0.23444244371517386,0.02391280169057947,0.19779793005727356
3317,205,176,3.3265306350661485,0.06840353876199858,0.6967038883923709,0.0020075407608999424,0.365567959761542,0.022800578356133912,0.16007580871333013
3146,148,123,2.938662454083159,0.06826186882027133,0.6268411858056334,0.0018658708191726936,0.29570525717480456,0.01646090534979424,0.13933878158920754
237,85,72,2.5514184460920446,0.06820074269014674,0.3668485851193578,0.0018047446890481073,0.03571265648852895,0.009453898342787231,0.10713093627728541
6822,364,227,4.39356465948807,0.06799773152791358,0.31267455778552417,0.0016017335268149469,-0.018461370845304692,0.040484929373818264,0.16283601886077012
207,753,462,5.334074898861636,0.0678090661513245,0.5187598455317584,0.001413068150225863,0.1876239169009295,0.08375041708375042,0.2429474636896793
4200,130,121,2.634446922632364,0.06780522872987425,0.28369566372485466,0.0014092307287756206,-0.047440264905974194,0.014458903347792236,0.08264741626476702
6883,149,122,3.28009828145072,0.06765837910501805,0.531201949917909,0.0012623811039194216,0.20006602128708018,0.016572127683238794,0.14908412739099985
341,884,504,2.689059175921781,0.06761162529229921,0.28477943894670854,0.0012156272912005744,-0.04635648968412032,0.09832054276498721,0.08471052021741768
247,218,185,3.807033398282637,0.06750158736527974,0.309814535575915,0.001105589364181106,-0.021321393054913873,0.024246468690913136,0.13755354307988427
6093,43,37,5.428720507510873,0.06736482653362114,0.6635099241134682,0.0009688285325225032,0.33237399548263935,0.004782560338115894,0.2500977890546827
7117,66,63,2.9672940716598974,0.06730010945774101,0.5589648742603481,0.0009041114566423758,0.22782894562951927,0.007340674007340674,0.13396240582208416
6528,216,190,2.8959599909959017,0.06712602971671225,0.46901166454746235,0.000730031715613616,0.1378757359166335,0.024024024024024024,0.12635538098658808
6353,102,95,2.552753409918617,0.06706648990192188,0.29547209740218855,0.0006704919008232446,-0.03566383122864031,0.011344678011344677,0.08520451927885885
6650,31,31,2.83306787860009,0.06702825350065421,0.3486063698416729,0.0006322554995555757,0.017470441210844068,0.003447892336781226,0.11128402680482369
3409,100,78,3.855912539958954,0.06694070564280397,0.6786105743847766,0.0005447076417053331,0.3474746457539477,0.011122233344455567,0.17503681113893726
4096,1085,752,3.584625224144228,0.06688402744869679,0.26602606818586866,0.0004880294475981539,-0.0651098604449602,0.1206762317873429,0.08757097253207716
227,89,73,3.9244116959946878,0.0665443739248808,0.6040450818367981,0.00014837592378216802,0.2729091532059692,0.009898787676565454,0.17352775918189461
1253,348,282,2.7797798925432664,0.06642941715909889,0.4947858722558449,3.341915800025852e-05,0.16364994362501606,0.038705372038705374,0.11923886000897423
1964,139,123,2.785138750247818,0.06624904284453385,0.28451660015394914,-0.0001469551565647792,-0.04661932847687972,0.015459904348793237,0.08438792510002477
546,381,263,3.1616763921547437,0.06602646887070186,0.27716593722017935,-0.00036952913039677016,-0.05396999141064951,0.04237570904237571,0.08893611738683384
563,1125,624,3.1945039878421357,0.0659242064965179,0.4841131696000466,-0.0004717915045807375,0.15297724096921772,0.12512512512512514,0.1338315142153363
2033,27,23,2.773874618388988,0.06525145642115633,0.3358912515488904,-0.0011445415799423014,0.004755322918061522,0.003003003003003003,0.09998549313432362
2834,391,175,3.368902381423794,0.06524277832939938,0.2845947754233746,-0.0011532196716992488,-0.04654115320745428,0.04348793237682127,0.09921238290222507
6124,52,42,2.787787506213555,0.0652004729018892,0.3725179572697032,-0.0011955250992094352,0.04138202863887436,0.005783561339116895,0.10589350164954886
5233,355,316,3.3669192861503277,0.06519866661843943,0.272596001828789,-0.0011973313826592058,-0.05853992680203984,0.039483928372817265,0.08776650599673298
2893,97,83,2.8524491934432197,0.0651378410099517,0.33508070707135107,-0.0012581569911469387,0.003944778440522212,0.010788566344121899,0.10222538526672031
4685,242,173,3.0556506819961484,0.06506175554973896,0.6110381343487689,-0.0013342424513596712,0.27990220571794,0.02691580469358247,0.12722958283831298
5771,60,31,2.898112698396047,0.06457861573125397,0.30858406800549165,-0.0018173822698446668,-0.022551860625337206,0.00667334000667334,0.09479071997683505
1537,76,64,2.838984334155133,0.06441404547338274,0.30160143689990326,-0.001981952527715894,-0.029534491730925594,0.00845289734178623,0.08982715981376009
6763,129,118,3.2656856340955396,0.0643855941837915,0.4327149255054216,-0.0020104038173071326,0.10157899687459276,0.01434768101434768,0.12564883413260564
4976,128,118,2.8979218089953065,0.06429584205106431,0.32925940879700893,-0.0021001559500343214,-0.001876519833819923,0.014236458680903126,0.09942301680892462
7069,82,79,2.6453913130411286,0.06406164624904995,0.4113150870974364,-0.0023343517520486856,0.08017915846660756,0.009120231342453565,0.09915992162491843
6078,360,172,2.8406676560640336,0.06393018984954986,0.29463961115804777,-0.0024658081515487734,-0.03649631747278109,0.04004004004004004,0.08551963167346119
5284,73,58,2.7942617102845073,0.06367870532859618,0.7100865559601542,-0.0027172926725024527,0.3789506273293254,0.008119230341452564,0.11067456644124644
140,213,164,2.683470287233451,0.0634944386029856,0.2723415541284244,-0.0029015593981130267,-0.058794374502404434,0.023690357023690357,0.06648143039901744
1971,129,60,2.745146082353222,0.063414363754432,0.31348029766501045,-0.0029816342466666285,-0.017655630965818403,0.01434768101434768,0.08743784022377257
6715,164,102,2.9083533163477733,0.06308050201923653,0.5589244971464025,-0.003315495981862107,0.2277885685155736,0.01824046268490713,0.1098534232484018
5317,286,119,2.356922214264636,0.06297782325195818,0.3312557836832864,-0.003418174749140454,0.00011985505245754036,0.03180958736514292,0.07709594861514035
5638,518,384,3.5862146666611485,0.06279994486577216,0.7925315766338091,-0.003596053135326474,0.4613956480029803,0.05761316872427984,0.13707971818121467
2206,140,98,2.6966506728104185,0.06275520586903424,0.3855646805476167,-0.003640792132064391,0.054428751916787865,0.015571126682237793,0.09372697229034536
3553,187,147,2.986247299189236,0.06252622070608192,0.25908691673711626,-0.0038697772950167103,-0.0720490118937126,0.02079857635413191,0.05603865569741879
897,108,90,2.8496179039831513,0.062126448001665203,0.3272858399713214,-0.004269549999433429,-0.003850088659507478,0.012012012012012012,0.08921624952944739
609,285,104,2.4213378170080353,0.0618987383002913,0.36776277645066363,-0.004497259700807332,0.036626847819834774,0.031698365031698365,0.07963761193228844
5222,110,85,3.5068327621980147,0.061855386044487294,0.7019969181897454,-0.004540611956611339,0.37086098955891655,0.012234456678901124,0.12703684411480634
4175,47,43,3.2230280282649586,0.06181027751497021,0.6108700582638054,-0.004585720486128424,0.2797341296329765,0.005227449671894116,0.11537308033946904
5999,26,23,7.008457486446087,0.06138607809151201,0.9266529839290955,-0.005009919909586623,0.5955170552982666,0.0028917806695584474,0.2509613358250811
353,54,48,2.9046867931330644,0.0608864940685897,0.35560909608358343,-0.00550950393250893,0.024473167452754574,0.006006006006006006,0.08987148261211902
1532,16,16,3.063873276114464,0.060745858112947804,0.9525075001336705,-0.005650139888150829,0.6213715715028416,0.0017795573351128907,0.10608523775479616
4246,252,196,3.839040761902219,0.060695934935797426,0.7376591360098548,-0.005700063065301207,0.4065232073790259,0.028028028028028028,0.13118304706684103
4158,109,63,5.213811561601971,0.06063027551907163,0.6951847722442475,-0.0057657224820270025,0.3640488436134186,0.012123234345456568,0.17695430230617312
1286,349,260,3.348597578469525,0.060469201869801516,0.2527718581599775,-0.005926796131297117,-0.07836407047085137,0.038816594372149925,0.04704177337925753
4261,82,78,2.9688255874122063,0.060308902473188056,0.38764761435178047,-0.006087095527910577,0.05651168572095161,0.009120231342453565,0.09191412902358481
2635,133,101,3.9425788642768573,0.06028056272141743,0.5954955592101968,-0.006115435279681204,0.26435963057936795,0.014792570348125905,0.12991297709607896
6850,101,96,2.629537300308152,0.06019008982070973,0.48729885651856963,-0.006205908180388901,0.15616292788774078,0.011233455677900123,0.08449708112245309
2312,72,67,3.450249190131823,0.059944198643216214,0.24644778631371717,-0.006451799357882419,-0.08468814231711169,0.008008008008008008,0.028353306497367427
21,30,28,2.4430806080500287,0.05991346276090743,0.842296813016155,-0.006482535240191205,0.5111608843853261,0.00333667000333667,0.08037241157736665
5854,261,208,3.257144270728831,0.059911917311955734,0.28423096219738436,-0.006484080689142899,-0.046904966433444495,0.02902902902902903,0.07917184070324626
3030,312,92,3.2478141899292288,0.05989092223543516,0.3182476376899142,-0.006505075765663476,-0.012888290940914648,0.03470136803470137,0.09001815180053377
7027,111,101,2.733774449374225,0.05973122744743139,0.2934668739324034,-0.006664770553667244,-0.037669054698425464,0.012345679012345678,0.06934717088155815
5107,296,212,5.644991818714786,0.05949187091385239,0.8045570454208913,-0.006904127087246241,0.4734211167900625,0.03292181069958848,0.18087949345227877
1678,165,104,2.870309914964618,0.05931913139949904,0.28660109567742376,-0.007076866601599591,-0.0445348329534051,0.018351685018351684,0.06897696326919339
2878,504,377,3.3167293901954378,0.05915038448460157,0.27283345384857727,-0.007245613516497065,-0.05830247478225159,0.056056056056056056,0.07105124216996846
1372,49,44,2.5857402426855907,0.059010069968584836,0.2829918608301304,-0.007385928032513797,-0.048144067800698465,0.005449894338783227,0.05992777530130615
4497,29,24,2.614996342823423,0.05881741353404198,0.4124754986131055,-0.00757858446705665,0.08133956998227665,0.003225447669892114,0.07572973282424789
6425,570,393,5.479675925614541,0.05880869086055413,0.7373244574287809,-0.007587307140544501,0.4061885287979521,0.06339673006339673,0.16788596157783836
1891,300,252,2.5270802696545918,0.058796130425983514,0.7175236431560296,-0.0075998675751151185,0.3863877145252007,0.0333667000333667,0.07726587078944144
2547,1212,599,3.6003126605312423,0.058753058209232205,0.2574559101941015,-0.007642939791866428,-0.07368001843672733,0.13480146813480146,0.05790984060729252
6635,51,50,2.711643754267225,0.05872592490345601,0.2639820121092875,-0.007670073097642623,-0.06715391652154135,0.005672339005672339,0.05061243880442609
4713,399,242,2.4678927579320464,0.05861362760550584,0.41621505846087714,-0.007782370395592791,0.08507912983004828,0.04437771104437771,0.07075164373315236
2207,55,54,2.4296364350752397,0.05852944183624488,0.28009514838586347,-0.007866556164853752,-0.05104078024496539,0.006117228339450562,0.05399473158882335
2571,226,176,4.618805465972529,0.05791985058669221,0.8960210865507375,-0.008476147414406422,0.5648851579199087,0.02513624735846958,0.13473817504598912
3706,101,79,2.903567550205948,0.05756884330746408,0.464099496899519,-0.00882715469363455,0.13296356826869016,0.011233455677900123,0.07940730019178555
6820,1205,395,2.537705803313196,0.05719269877518047,0.34892802412619817,-0.009203299225918164,0.01779209549536931,0.13402291180068956,0.06365328718529958
96,629,245,2.4246054495461227,0.05686689421930773,0.3478037173714108,-0.0095291037817909,0.016667788740581946,0.06995884773662552,0.05950776347560196
6269,387,330,5.572937831706163,0.05685298260588776,0.9618959342661159,-0.009543015395210873,0.630760005635287,0.043043043043043044,0.1514728330179635
4302,57,31,2.5330004169229876,0.056779132563072904,0.2762292238529656,-0.009616865438025729,-0.05490670477786325,0.006339673006339673,0.05016463104055767
1412,52,50,3.3527662387261024,0.056222447262816895,0.40184072233394097,-0.010173550738281738,0.07070479370311211,0.005783561339116895,0.08191700816962363
3771,339,287,3.7978806337424085,0.055557527074692935,0.28689297997220303,-0.010838470926405698,-0.044242948658625825,0.03770437103770437,0.07487490478102711
3703,24,21,3.4879333873589835,0.0551539001831578,0.44401869314737286,-0.011242097817940833,0.112882764516544,0.002669336002669336,0.07998316729220083
6424,100,86,2.6615042054653166,0.05409319207649362,0.31503203345291136,-0.01230280592460501,-0.016103895177917493,0.011122233344455567,0.05134463647191436
1784,1687,386,2.8515658387787326,0.053913630978416484,0.330424550094438,-0.012482367022682149,-0.0007113785363908609,0.18763207652096542,0.055462078978077096
1508,67,63,2.3450974137035767,0.04684054940380557,0.29197989007899544,-0.019555448597293065,-0.039156038551833416,0.007451896340785229,0.01674305924358593
4367,38,33,3.2414738441768445,0.04601251107356778,0.5376318997632042,-0.02038348692753085,0.2064959711323754,0.004226448670893115,0.019322005485760237
2304,40,32,3.2727327823638914,0.04300182323823048,0.6492229126216478,-0.023394174762868154,0.3180869839908189,0.0044488933377822264,0.0
